-- Active: 1771181215308@@localhost@5432@classroom_booking
INSERT INTO Department (dept_name) VALUES
('Computer Science and Engineering'),
('Electronics and Communication Engineering'),
('Mathematics'),
('Physics'),
('Chemistry'),
('Civil Engineering'),
('Mechanical Engineering'),
('Electrical Engineering'),
('Humanities and Management');

INSERT INTO Instructor (ID, name, dept_name) VALUES
('CS001', 'Dr. Rajesh Kumar', 'Computer Science and Engineering'),
('CS002', 'Dr. Priya Sharma', 'Computer Science and Engineering'),
('CS003', 'Dr. Amit Patel', 'Computer Science and Engineering'),
('CS004', 'Dr. Sneha Reddy', 'Computer Science and Engineering'),
('CS005', 'Dr. Vikram Singh', 'Computer Science and Engineering'),
('CS006', 'Dr. Anjali Mehta', 'Computer Science and Engineering'),
('CS007', 'Dr. Rahul Verma', 'Computer Science and Engineering'),
('CS008', 'Dr. Kavita Desai', 'Computer Science and Engineering'),
('CS009', 'Dr. Arjun Nambiar', 'Computer Science and Engineering'),
('CS010', 'Dr. Deepika Iyer', 'Computer Science and Engineering'),
('CS011', 'Prof. Sanjay Kulkarni', 'Computer Science and Engineering'),
('CS012', 'Prof. Meena Krishnan', 'Computer Science and Engineering'),
('CS013', 'Dr. Aditya Joshi', 'Computer Science and Engineering'),
('CS014', 'Dr. Pooja Malhotra', 'Computer Science and Engineering'),
('CS015', 'Dr. Karthik Rao', 'Computer Science and Engineering'),
('CS016', 'Prof. Lakshmi Venkat', 'Computer Science and Engineering'),
('CS017', 'Dr. Nikhil Agarwal', 'Computer Science and Engineering'),
('CS018', 'Dr. Swati Banerjee', 'Computer Science and Engineering'),
('CS019', 'Prof. Vinay Hegde', 'Computer Science and Engineering'),
('CS020', 'Dr. Ritu Gupta', 'Computer Science and Engineering'),
('EC001', 'Dr. Suresh Iyer', 'Electronics and Communication Engineering'),
('EC002', 'Dr. Lakshmi Nair', 'Electronics and Communication Engineering'),
('EC003', 'Dr. Arun Joshi', 'Electronics and Communication Engineering'),
('EC004', 'Dr. Deepa Kulkarni', 'Electronics and Communication Engineering'),
('EC005', 'Prof. Ramesh Babu', 'Electronics and Communication Engineering'),
('EC006', 'Dr. Divya Menon', 'Electronics and Communication Engineering'),
('EC007', 'Dr. Prakash Shetty', 'Electronics and Communication Engineering'),
('EC008', 'Prof. Anjana Kumar', 'Electronics and Communication Engineering'),
('EC009', 'Dr. Harish Pai', 'Electronics and Communication Engineering'),
('EC010', 'Dr. Shalini Rao', 'Electronics and Communication Engineering'),
('EC011', 'Prof. Mohan Das', 'Electronics and Communication Engineering'),
('EC012', 'Dr. Kavitha Namboodiri', 'Electronics and Communication Engineering'),
('EC013', 'Dr. Vijay Bhat', 'Electronics and Communication Engineering'),
('EC014', 'Prof. Preethi Shenoy', 'Electronics and Communication Engineering'),
('EC015', 'Dr. Naveen Kumar', 'Electronics and Communication Engineering'),
('EC016', 'Dr. Sowmya Hegde', 'Electronics and Communication Engineering'),
('EC017', 'Prof. Ashok Kamath', 'Electronics and Communication Engineering'),
('EC018', 'Dr. Bharathi Rao', 'Electronics and Communication Engineering'),
('EC019', 'Dr. Santosh Pai', 'Electronics and Communication Engineering'),
('EC020', 'Prof. Nandini Prabhu', 'Electronics and Communication Engineering'),
('MA001', 'Dr. Sanjay Gupta', 'Mathematics'),
('MA002', 'Dr. Meera Shah', 'Mathematics'),
('MA003', 'Prof. Ramakrishna Rao', 'Mathematics'),
('MA004', 'Dr. Pallavi Joshi', 'Mathematics'),
('MA005', 'Dr. Subramaniam Iyer', 'Mathematics'),
('MA006', 'Prof. Anita Deshmukh', 'Mathematics'),
('MA007', 'Dr. Madhav Srinivas', 'Mathematics'),
('MA008', 'Dr. Nisha Agarwal', 'Mathematics'),
('PH001', 'Dr. Ramesh Rao', 'Physics'),
('PH002', 'Prof. Savita Nair', 'Physics'),
('PH003', 'Dr. Krishna Murthy', 'Physics'),
('PH004', 'Dr. Yamini Reddy', 'Physics'),
('CH001', 'Dr. Divya Menon', 'Chemistry'),
('CH002', 'Prof. Sunil Kumar', 'Chemistry'),
('CH003', 'Dr. Archana Pai', 'Chemistry'),
('CH004', 'Dr. Rajiv Sharma', 'Chemistry'),
('CV001', 'Dr. Kiran Kumar', 'Civil Engineering'),
('CV002', 'Prof. Shanthi Rao', 'Civil Engineering'),
('CV003', 'Dr. Prasad Shetty', 'Civil Engineering'),
('ME001', 'Dr. Arjun Nair', 'Mechanical Engineering'),
('ME002', 'Prof. Latha Krishna', 'Mechanical Engineering'),
('ME003', 'Dr. Vishnu Hegde', 'Mechanical Engineering'),
('EE001', 'Dr. Varun Bhat', 'Electrical Engineering'),
('EE002', 'Prof. Suma Kamath', 'Electrical Engineering'),
('EE003', 'Dr. Ganesh Prabhu', 'Electrical Engineering'),
('HU001', 'Prof. Sarah Thomas', 'Humanities and Management'),
('HU002', 'Dr. Rajesh Menon', 'Humanities and Management'),
('HU003', 'Prof. Indira Kulkarni', 'Humanities and Management'),
('HU004', 'Dr. Michael Fernandes', 'Humanities and Management');

INSERT INTO Course (course_id, title, dept_name, credits) VALUES
('MAT1102', 'Computational Mathematics - I', 'Mathematics', 4),
('PHY1002', 'Applied Physics for Engineers', 'Physics', 3),
('ECE1002', 'Fundamentals of Electronics', 'Electronics and Communication Engineering', 3),
('CSS1001', 'Programming for Problem Solving', 'Computer Science and Engineering', 3),
('MME1002', 'Basic Mechanical Engineering Science', 'Mechanical Engineering', 3),
('HUM1001', 'Communication Skills in English', 'Humanities and Management', 2),
('HUM1002', 'Universal Human Values and Ethics', 'Humanities and Management', 1),
('HUM1003', 'Human Rights and Constitution', 'Humanities and Management', 1),
('MAT1202', 'Computational Mathematics - II', 'Mathematics', 4),
('CHM1002', 'Applied Chemistry for Engineers', 'Chemistry', 3),
('ELE1002', 'Fundamentals of Electrical Engineering', 'Electrical Engineering', 3),
('CIV1002', 'Engineering Mechanics and Smart Buildings', 'Civil Engineering', 3),
('CSS1002', 'Introduction to OOP', 'Computer Science and Engineering', 3),
('CIV1001', 'Environmental Studies', 'Civil Engineering', 2),
('CSS1012', 'Data Visualisation', 'Computer Science and Engineering', 2),
('MAT1172', 'Discrete Mathematical Structures', 'Mathematics', 3),
('CSS2101', 'Data Structures', 'Computer Science and Engineering', 4),
('CSS2102', 'Data Communication and Networks', 'Computer Science and Engineering', 4),
('CSS2103', 'Data Analytics', 'Computer Science and Engineering', 4),
('CSS2104', 'Digital Systems and Organization', 'Computer Science and Engineering', 4),
('MAT1272', 'Probability and Optimization', 'Mathematics', 3),
('CSS2201', 'Database Systems', 'Computer Science and Engineering', 4),
('CSS2202', 'Design & Analysis of Algorithms', 'Computer Science and Engineering', 4),
('CSS2203', 'Introduction to AI', 'Computer Science and Engineering', 4),
('CSS2204', 'Operating Systems', 'Computer Science and Engineering', 4),
('HUM3101', 'Essentials of Management', 'Humanities and Management', 3),
('CSS3101', 'Finite Automata & Compiler Design', 'Computer Science and Engineering', 4),
('CSO3101', 'Machine Learning', 'Computer Science and Engineering', 4),
('CSO3102', 'Software Engineering', 'Computer Science and Engineering', 4),
('CSO3103', 'Cloud Computing and DevOps', 'Computer Science and Engineering', 4),
('HUM3102', 'Engineering Economics', 'Humanities and Management', 3),
('CSO3201', 'Deep Learning and Applications', 'Computer Science and Engineering', 4),
('CSO3202', 'VLSI Design', 'Computer Science and Engineering', 4),
('CSP4401', 'Cryptography & Network Security', 'Computer Science and Engineering', 3),
('CSP4402', 'Blockchain Technology', 'Computer Science and Engineering', 3),
('CSP4403', 'Advanced AI', 'Computer Science and Engineering', 3),
('CSP4404', 'Big Data Analytics', 'Computer Science and Engineering', 3),
('CSP4405', 'Cyber Security', 'Computer Science and Engineering', 3),
('CSP4406', 'Quantum Computing', 'Computer Science and Engineering', 3),
('CSP4407', 'IoT Systems', 'Computer Science and Engineering', 3),
('ECE2121', 'Analog Electronic Circuits', 'Electronics and Communication Engineering', 4),
('ECE2122', 'Network Analysis', 'Electronics and Communication Engineering', 3),
('ECE2123', 'Signals & Systems', 'Electronics and Communication Engineering', 3),
('ECE2124', 'Digital System Design', 'Electronics and Communication Engineering', 3),
('ECE2125', 'Electromagnetic Waves', 'Electronics and Communication Engineering', 3),
('ECE2221', 'VLSI Design', 'Electronics and Communication Engineering', 4),
('ECE2222', 'Digital Signal Processing', 'Electronics and Communication Engineering', 3),
('ECE2223', 'Analog Integrated Circuits', 'Electronics and Communication Engineering', 3),
('ECE2224', 'Microwave Engineering', 'Electronics and Communication Engineering', 3),
('ECE2225', 'Modern Control Theory', 'Electronics and Communication Engineering', 3),
('ECE3121', 'Analog and Digital Communication', 'Electronics and Communication Engineering', 4),
('ECE3122', 'Microprocessors', 'Electronics and Communication Engineering', 3),
('ECE3123', 'Communication Networks', 'Electronics and Communication Engineering', 3),
('ECE3124', 'Digital Computer Architecture', 'Electronics and Communication Engineering', 3),
('ECE3125', 'VLSI Testing', 'Electronics and Communication Engineering', 3),
('ECE3126', 'Satellite Communication', 'Electronics and Communication Engineering', 3),
('ECE3221', 'Wireless Communication', 'Electronics and Communication Engineering', 3),
('ECE3222', 'System on Chip Design', 'Electronics and Communication Engineering', 4),
('ECE3223', 'RF Circuit Design', 'Electronics and Communication Engineering', 4),
('ECE3224', 'Information Theory and Coding', 'Electronics and Communication Engineering', 4),
('ECE4401', 'Machine Learning for Comm Systems', 'Electronics and Communication Engineering', 3),
('ECE4402', '5G Communication Systems', 'Electronics and Communication Engineering', 3),
('ECE4403', 'Photonic Communication', 'Electronics and Communication Engineering', 3),
('ECE4404', 'Satellite Wireless Communication', 'Electronics and Communication Engineering', 3),
('ECE4405', 'Low Power VLSI Design', 'Electronics and Communication Engineering', 3),
('ECE4406', 'MOS Device Modelling', 'Electronics and Communication Engineering', 3);

INSERT INTO Classroom (building, room_number, capacity) VALUES
('AB-A', '101', 60),
('AB-A', '102', 60),
('AB-A', '103', 80),
('AB-A', '104', 60),
('AB-A', '105', 70),
('AB-A', '201', 60),
('AB-A', '202', 60),
('AB-A', '203', 80),
('AB-A', '204', 70),
('AB-A', '205', 60),
('AB-A', '301', 100),
('AB-A', '302', 100),
('AB-A', '303', 90),
('AB-A', '304', 80),
('AB-B', '101', 50),
('AB-B', '102', 50),
('AB-B', '103', 70),
('AB-B', '104', 55),
('AB-B', '105', 50),
('AB-B', '201', 50),
('AB-B', '202', 50),
('AB-B', '203', 60),
('AB-B', '204', 55),
('AB-B', '301', 90),
('AB-B', '302', 85),
('AB-B', '303', 80),
('AB-C', '101', 40),
('AB-C', '102', 40),
('AB-C', '103', 45),
('AB-C', '104', 40),
('AB-C', '201', 40),
('AB-C', '202', 45),
('AB-C', '203', 40),
('AB-C', '301', 50),
('AB-C', '302', 50),
('LAB', 'L101', 30),
('LAB', 'L102', 30),
('LAB', 'L103', 35),
('LAB', 'L104', 30),
('LAB', 'L105', 32),
('LAB', 'L201', 40),
('LAB', 'L202', 40),
('LAB', 'L203', 38),
('LAB', 'L204', 40),
('LAB', 'L301', 45),
('LAB', 'L302', 45),
('LAB', 'L303', 42),
('SEM', 'S101', 150),
('SEM', 'S102', 200),
('SEM', 'S103', 180),
('SEM', 'S201', 120),
('SEM', 'S202', 130),
('RES', 'R101', 25),
('RES', 'R102', 25),
('RES', 'R201', 30),
('RES', 'R202', 30);

INSERT INTO Time_slot (time_slot_id, day, start_time, end_time) VALUES
('M1', 'M', '08:00:00', '08:50:00'),
('M2', 'M', '09:00:00', '09:50:00'),
('M3', 'M', '10:00:00', '10:50:00'),
('M4', 'M', '11:00:00', '11:50:00'),
('M5', 'M', '13:00:00', '13:50:00'),
('M6', 'M', '14:00:00', '14:50:00'),
('M7', 'M', '15:00:00', '15:50:00'),
('M8', 'M', '16:00:00', '16:50:00'),
('T1', 'T', '08:00:00', '08:50:00'),
('T2', 'T', '09:00:00', '09:50:00'),
('T3', 'T', '10:00:00', '10:50:00'),
('T4', 'T', '11:00:00', '11:50:00'),
('T5', 'T', '13:00:00', '13:50:00'),
('T6', 'T', '14:00:00', '14:50:00'),
('T7', 'T', '15:00:00', '15:50:00'),
('T8', 'T', '16:00:00', '16:50:00'),
('W1', 'W', '08:00:00', '08:50:00'),
('W2', 'W', '09:00:00', '09:50:00'),
('W3', 'W', '10:00:00', '10:50:00'),
('W4', 'W', '11:00:00', '11:50:00'),
('W5', 'W', '13:00:00', '13:50:00'),
('W6', 'W', '14:00:00', '14:50:00'),
('W7', 'W', '15:00:00', '15:50:00'),
('R1', 'R', '08:00:00', '08:50:00'),
('R2', 'R', '09:00:00', '09:50:00'),
('R3', 'R', '10:00:00', '10:50:00'),
('R4', 'R', '11:00:00', '11:50:00'),
('R5', 'R', '13:00:00', '13:50:00'),
('R6', 'R', '14:00:00', '14:50:00'),
('R7', 'R', '15:00:00', '15:50:00'),
('R8', 'R', '16:00:00', '16:50:00'),
('F1', 'F', '08:00:00', '08:50:00'),
('F2', 'F', '09:00:00', '09:50:00'),
('F3', 'F', '10:00:00', '10:50:00'),
('F4', 'F', '11:00:00', '11:50:00'),
('F5', 'F', '13:00:00', '13:50:00'),
('F6', 'F', '14:00:00', '14:50:00'),
('F7', 'F', '15:00:00', '15:50:00'),
('S1', 'S', '08:00:00', '08:50:00'),
('S2', 'S', '09:00:00', '09:50:00'),
('S3', 'S', '10:00:00', '10:50:00'),
('S4', 'S', '11:00:00', '11:50:00');

INSERT INTO Organizer (name, type, contact_email, faculty_advisor_id) VALUES
('Academic Administration', 'ADMIN', 'academics@manipal.edu', NULL),
('Examination Cell', 'ADMIN', 'exams@manipal.edu', NULL),
('Dr. Rajesh Kumar', 'FACULTY', 'rajesh.kumar@manipal.edu', NULL),
('Dr. Priya Sharma', 'FACULTY', 'priya.sharma@manipal.edu', NULL),
('Dr. Suresh Iyer', 'FACULTY', 'suresh.iyer@manipal.edu', NULL),
('Dr. Lakshmi Nair', 'FACULTY', 'lakshmi.nair@manipal.edu', NULL),
('ACM Student Chapter', 'CLUB', 'acm@manipal.edu', 'CS001'),
('CodeChef Campus Chapter', 'CLUB', 'codechef@manipal.edu', 'CS003'),
('Google Developer Student Club', 'CLUB', 'gdsc@manipal.edu', 'CS005'),
('AI/ML Club', 'CLUB', 'aiml@manipal.edu', 'CS007'),
('Cybersecurity Club', 'CLUB', 'cybersec@manipal.edu', 'CS009'),
('Competitive Programming Club', 'CLUB', 'cpc@manipal.edu', 'CS011'),
('Data Science Club', 'CLUB', 'datasci@manipal.edu', 'CS013'),
('Web Development Club', 'CLUB', 'webdev@manipal.edu', 'CS015'),
('IEEE Student Branch', 'CLUB', 'ieee@manipal.edu', 'EC001'),
('Robotics Club', 'CLUB', 'robotics@manipal.edu', 'EC003'),
('Electronics Club', 'CLUB', 'electronics@manipal.edu', 'EC005'),
('VLSI Design Club', 'CLUB', 'vlsi@manipal.edu', 'EC007'),
('Wireless Communication Club', 'CLUB', 'wireless@manipal.edu', 'EC009'),
('Signal Processing Club', 'CLUB', 'sigproc@manipal.edu', 'EC011');

INSERT INTO Booking (course_id, inst_id, building, room_number, time_slot_id, semester, year, booking_type, booking_category, organizer_id, status) VALUES
('MAT1172', 'MA001', 'AB-A', '101', 'M1', 3, 2025, 'PERIODIC', 'COURSE', NULL, 'ACTIVE'),
('MAT1172', 'MA001', 'AB-A', '101', 'W1', 3, 2025, 'PERIODIC', 'COURSE', NULL, 'ACTIVE'),
('MAT1172', 'MA002', 'AB-A', '102', 'T1', 3, 2025, 'PERIODIC', 'COURSE', NULL, 'ACTIVE'),
('MAT1172', 'MA002', 'AB-A', '102', 'R1', 3, 2025, 'PERIODIC', 'COURSE', NULL, 'ACTIVE'),
('MAT1172', 'MA003', 'AB-A', '103', 'M2', 3, 2025, 'PERIODIC', 'COURSE', NULL, 'ACTIVE'),
('MAT1172', 'MA003', 'AB-A', '103', 'F1', 3, 2025, 'PERIODIC', 'COURSE', NULL, 'ACTIVE'),
('CSS2101', 'CS001', 'AB-A', '201', 'M3', 3, 2025, 'PERIODIC', 'COURSE', NULL, 'ACTIVE'),
('CSS2101', 'CS001', 'AB-A', '201', 'W2', 3, 2025, 'PERIODIC', 'COURSE', NULL, 'ACTIVE'),
('CSS2101', 'CS001', 'AB-A', '201', 'F2', 3, 2025, 'PERIODIC', 'COURSE', NULL, 'ACTIVE'),
('CSS2101', 'CS002', 'AB-A', '202', 'T2', 3, 2025, 'PERIODIC', 'COURSE', NULL, 'ACTIVE'),
('CSS2101', 'CS002', 'AB-A', '202', 'R2', 3, 2025, 'PERIODIC', 'COURSE', NULL, 'ACTIVE'),
('CSS2101', 'CS002', 'AB-A', '202', 'F3', 3, 2025, 'PERIODIC', 'COURSE', NULL, 'ACTIVE'),
('CSS2101', 'CS003', 'AB-B', '101', 'M4', 3, 2025, 'PERIODIC', 'COURSE', NULL, 'ACTIVE'),
('CSS2101', 'CS003', 'AB-B', '101', 'W3', 3, 2025, 'PERIODIC', 'COURSE', NULL, 'ACTIVE'),
('CSS2101', 'CS004', 'AB-B', '102', 'T3', 3, 2025, 'PERIODIC', 'COURSE', NULL, 'ACTIVE'),
('CSS2101', 'CS004', 'AB-B', '102', 'R3', 3, 2025, 'PERIODIC', 'COURSE', NULL, 'ACTIVE'),
('CSS2102', 'CS005', 'AB-A', '203', 'M5', 3, 2025, 'PERIODIC', 'COURSE', NULL, 'ACTIVE'),
('CSS2102', 'CS005', 'AB-A', '203', 'W4', 3, 2025, 'PERIODIC', 'COURSE', NULL, 'ACTIVE'),
('CSS2102', 'CS005', 'AB-A', '203', 'F4', 3, 2025, 'PERIODIC', 'COURSE', NULL, 'ACTIVE'),
('CSS2102', 'CS006', 'AB-B', '103', 'T4', 3, 2025, 'PERIODIC', 'COURSE', NULL, 'ACTIVE'),
('CSS2102', 'CS006', 'AB-B', '103', 'R4', 3, 2025, 'PERIODIC', 'COURSE', NULL, 'ACTIVE'),
('CSS2102', 'CS007', 'AB-B', '201', 'M6', 3, 2025, 'PERIODIC', 'COURSE', NULL, 'ACTIVE'),
('CSS2102', 'CS007', 'AB-B', '201', 'W5', 3, 2025, 'PERIODIC', 'COURSE', NULL, 'ACTIVE'),
('CSS2103', 'CS008', 'AB-A', '204', 'M7', 3, 2025, 'PERIODIC', 'COURSE', NULL, 'ACTIVE'),
('CSS2103', 'CS008', 'AB-A', '204', 'T5', 3, 2025, 'PERIODIC', 'COURSE', NULL, 'ACTIVE'),
('CSS2103', 'CS008', 'AB-A', '204', 'F5', 3, 2025, 'PERIODIC', 'COURSE', NULL, 'ACTIVE'),
('CSS2103', 'CS009', 'AB-B', '202', 'W6', 3, 2025, 'PERIODIC', 'COURSE', NULL, 'ACTIVE'),
('CSS2103', 'CS009', 'AB-B', '202', 'R5', 3, 2025, 'PERIODIC', 'COURSE', NULL, 'ACTIVE'),
('CSS2103', 'CS010', 'AB-B', '203', 'M8', 3, 2025, 'PERIODIC', 'COURSE', NULL, 'ACTIVE'),
('CSS2103', 'CS010', 'AB-B', '203', 'T6', 3, 2025, 'PERIODIC', 'COURSE', NULL, 'ACTIVE'),
('CSS2104', 'CS011', 'AB-A', '205', 'T7', 3, 2025, 'PERIODIC', 'COURSE', NULL, 'ACTIVE'),
('CSS2104', 'CS011', 'AB-A', '205', 'R6', 3, 2025, 'PERIODIC', 'COURSE', NULL, 'ACTIVE'),
('CSS2104', 'CS012', 'AB-B', '204', 'W7', 3, 2025, 'PERIODIC', 'COURSE', NULL, 'ACTIVE'),
('CSS2104', 'CS012', 'AB-B', '204', 'F6', 3, 2025, 'PERIODIC', 'COURSE', NULL, 'ACTIVE'),
('CSS2104', 'CS013', 'AB-C', '101', 'T8', 3, 2025, 'PERIODIC', 'COURSE', NULL, 'ACTIVE'),
('CSS2104', 'CS013', 'AB-C', '101', 'R7', 3, 2025, 'PERIODIC', 'COURSE', NULL, 'ACTIVE'),
('ECE2121', 'EC001', 'AB-A', '301', 'M1', 3, 2025, 'PERIODIC', 'COURSE', NULL, 'ACTIVE'),
('ECE2121', 'EC001', 'AB-A', '301', 'W1', 3, 2025, 'PERIODIC', 'COURSE', NULL, 'ACTIVE'),
('ECE2121', 'EC001', 'AB-A', '301', 'F1', 3, 2025, 'PERIODIC', 'COURSE', NULL, 'ACTIVE'),
('ECE2121', 'EC002', 'AB-A', '302', 'T1', 3, 2025, 'PERIODIC', 'COURSE', NULL, 'ACTIVE'),
('ECE2121', 'EC002', 'AB-A', '302', 'R1', 3, 2025, 'PERIODIC', 'COURSE', NULL, 'ACTIVE'),
('ECE2121', 'EC003', 'AB-B', '301', 'M2', 3, 2025, 'PERIODIC', 'COURSE', NULL, 'ACTIVE'),
('ECE2121', 'EC003', 'AB-B', '301', 'W2', 3, 2025, 'PERIODIC', 'COURSE', NULL, 'ACTIVE'),
('ECE2122', 'EC004', 'AB-A', '303', 'M3', 3, 2025, 'PERIODIC', 'COURSE', NULL, 'ACTIVE'),
('ECE2122', 'EC004', 'AB-A', '303', 'T2', 3, 2025, 'PERIODIC', 'COURSE', NULL, 'ACTIVE'),
('ECE2122', 'EC005', 'AB-B', '302', 'W3', 3, 2025, 'PERIODIC', 'COURSE', NULL, 'ACTIVE'),
('ECE2122', 'EC005', 'AB-B', '302', 'R2', 3, 2025, 'PERIODIC', 'COURSE', NULL, 'ACTIVE'),
('ECE2122', 'EC006', 'AB-C', '102', 'F2', 3, 2025, 'PERIODIC', 'COURSE', NULL, 'ACTIVE'),
('ECE2123', 'EC007', 'AB-A', '304', 'M4', 3, 2025, 'PERIODIC', 'COURSE', NULL, 'ACTIVE'),
('ECE2123', 'EC007', 'AB-A', '304', 'W4', 3, 2025, 'PERIODIC', 'COURSE', NULL, 'ACTIVE'),
('ECE2123', 'EC008', 'AB-B', '303', 'T3', 3, 2025, 'PERIODIC', 'COURSE', NULL, 'ACTIVE'),
('ECE2123', 'EC008', 'AB-B', '303', 'R3', 3, 2025, 'PERIODIC', 'COURSE', NULL, 'ACTIVE'),
('ECE2123', 'EC009', 'AB-C', '103', 'F3', 3, 2025, 'PERIODIC', 'COURSE', NULL, 'ACTIVE'),
('ECE2124', 'EC010', 'AB-C', '201', 'M5', 3, 2025, 'PERIODIC', 'COURSE', NULL, 'ACTIVE'),
('ECE2124', 'EC010', 'AB-C', '201', 'T4', 3, 2025, 'PERIODIC', 'COURSE', NULL, 'ACTIVE'),
('ECE2124', 'EC011', 'AB-C', '202', 'W5', 3, 2025, 'PERIODIC', 'COURSE', NULL, 'ACTIVE'),
('ECE2124', 'EC011', 'AB-C', '202', 'R4', 3, 2025, 'PERIODIC', 'COURSE', NULL, 'ACTIVE'),
('ECE2124', 'EC012', 'AB-C', '203', 'F4', 3, 2025, 'PERIODIC', 'COURSE', NULL, 'ACTIVE'),
('ECE2125', 'EC013', 'AB-C', '301', 'M6', 3, 2025, 'PERIODIC', 'COURSE', NULL, 'ACTIVE'),
('ECE2125', 'EC013', 'AB-C', '301', 'T5', 3, 2025, 'PERIODIC', 'COURSE', NULL, 'ACTIVE'),
('ECE2125', 'EC014', 'AB-C', '302', 'W6', 3, 2025, 'PERIODIC', 'COURSE', NULL, 'ACTIVE'),
('ECE2125', 'EC014', 'AB-C', '302', 'R5', 3, 2025, 'PERIODIC', 'COURSE', NULL, 'ACTIVE'),
('CSS2201', 'CS014', 'AB-A', '101', 'M1', 4, 2025, 'PERIODIC', 'COURSE', NULL, 'ACTIVE'),
('CSS2201', 'CS014', 'AB-A', '101', 'W1', 4, 2025, 'PERIODIC', 'COURSE', NULL, 'ACTIVE'),
('CSS2201', 'CS014', 'AB-A', '101', 'F1', 4, 2025, 'PERIODIC', 'COURSE', NULL, 'ACTIVE'),
('CSS2201', 'CS015', 'AB-A', '102', 'T1', 4, 2025, 'PERIODIC', 'COURSE', NULL, 'ACTIVE'),
('CSS2201', 'CS015', 'AB-A', '102', 'R1', 4, 2025, 'PERIODIC', 'COURSE', NULL, 'ACTIVE'),
('CSS2201', 'CS016', 'AB-A', '103', 'M2', 4, 2025, 'PERIODIC', 'COURSE', NULL, 'ACTIVE'),
('CSS2201', 'CS016', 'AB-A', '103', 'W2', 4, 2025, 'PERIODIC', 'COURSE', NULL, 'ACTIVE'),
('CSS2202', 'CS017', 'AB-A', '201', 'M3', 4, 2025, 'PERIODIC', 'COURSE', NULL, 'ACTIVE'),
('CSS2202', 'CS017', 'AB-A', '201', 'T2', 4, 2025, 'PERIODIC', 'COURSE', NULL, 'ACTIVE'),
('CSS2202', 'CS017', 'AB-A', '201', 'F2', 4, 2025, 'PERIODIC', 'COURSE', NULL, 'ACTIVE'),
('CSS2202', 'CS018', 'AB-A', '202', 'W3', 4, 2025, 'PERIODIC', 'COURSE', NULL, 'ACTIVE'),
('CSS2202', 'CS018', 'AB-A', '202', 'R2', 4, 2025, 'PERIODIC', 'COURSE', NULL, 'ACTIVE'),
('CSS2202', 'CS019', 'AB-B', '101', 'M4', 4, 2025, 'PERIODIC', 'COURSE', NULL, 'ACTIVE'),
('CSS2202', 'CS019', 'AB-B', '101', 'T3', 4, 2025, 'PERIODIC', 'COURSE', NULL, 'ACTIVE'),
('CSS2203', 'CS020', 'AB-A', '203', 'M5', 4, 2025, 'PERIODIC', 'COURSE', NULL, 'ACTIVE'),
('CSS2203', 'CS020', 'AB-A', '203', 'W4', 4, 2025, 'PERIODIC', 'COURSE', NULL, 'ACTIVE'),
('CSS2203', 'CS020', 'AB-A', '203', 'F3', 4, 2025, 'PERIODIC', 'COURSE', NULL, 'ACTIVE'),
('CSS2203', 'CS001', 'AB-B', '102', 'T4', 4, 2025, 'PERIODIC', 'COURSE', NULL, 'ACTIVE'),
('CSS2203', 'CS001', 'AB-B', '102', 'R3', 4, 2025, 'PERIODIC', 'COURSE', NULL, 'ACTIVE'),
('CSS2203', 'CS002', 'AB-B', '103', 'M6', 4, 2025, 'PERIODIC', 'COURSE', NULL, 'ACTIVE'),
('CSS2204', 'CS003', 'AB-A', '204', 'M7', 4, 2025, 'PERIODIC', 'COURSE', NULL, 'ACTIVE'),
('CSS2204', 'CS003', 'AB-A', '204', 'W5', 4, 2025, 'PERIODIC', 'COURSE', NULL, 'ACTIVE'),
('CSS2204', 'CS003', 'AB-A', '204', 'F4', 4, 2025, 'PERIODIC', 'COURSE', NULL, 'ACTIVE'),
('CSS2204', 'CS004', 'AB-B', '201', 'T5', 4, 2025, 'PERIODIC', 'COURSE', NULL, 'ACTIVE'),
('CSS2204', 'CS004', 'AB-B', '201', 'R4', 4, 2025, 'PERIODIC', 'COURSE', NULL, 'ACTIVE'),
('CSS2204', 'CS005', 'AB-B', '202', 'M8', 4, 2025, 'PERIODIC', 'COURSE', NULL, 'ACTIVE'),
('MAT1272', 'MA004', 'AB-A', '205', 'T6', 4, 2025, 'PERIODIC', 'COURSE', NULL, 'ACTIVE'),
('MAT1272', 'MA004', 'AB-A', '205', 'R5', 4, 2025, 'PERIODIC', 'COURSE', NULL, 'ACTIVE'),
('MAT1272', 'MA005', 'AB-B', '203', 'W6', 4, 2025, 'PERIODIC', 'COURSE', NULL, 'ACTIVE'),
('MAT1272', 'MA005', 'AB-B', '203', 'F5', 4, 2025, 'PERIODIC', 'COURSE', NULL, 'ACTIVE'),
('MAT1272', 'MA006', 'AB-B', '204', 'T7', 4, 2025, 'PERIODIC', 'COURSE', NULL, 'ACTIVE'),
('MAT1272', 'MA006', 'AB-B', '204', 'R6', 4, 2025, 'PERIODIC', 'COURSE', NULL, 'ACTIVE'),
('ECE2221', 'EC015', 'AB-A', '301', 'M1', 4, 2025, 'PERIODIC', 'COURSE', NULL, 'ACTIVE'),
('ECE2221', 'EC015', 'AB-A', '301', 'W1', 4, 2025, 'PERIODIC', 'COURSE', NULL, 'ACTIVE'),
('ECE2221', 'EC015', 'AB-A', '301', 'F1', 4, 2025, 'PERIODIC', 'COURSE', NULL, 'ACTIVE'),
('ECE2221', 'EC016', 'AB-A', '302', 'T1', 4, 2025, 'PERIODIC', 'COURSE', NULL, 'ACTIVE'),
('ECE2221', 'EC016', 'AB-A', '302', 'R1', 4, 2025, 'PERIODIC', 'COURSE', NULL, 'ACTIVE'),
('ECE2222', 'EC017', 'AB-A', '303', 'M2', 4, 2025, 'PERIODIC', 'COURSE', NULL, 'ACTIVE'),
('ECE2222', 'EC017', 'AB-A', '303', 'W2', 4, 2025, 'PERIODIC', 'COURSE', NULL, 'ACTIVE'),
('ECE2222', 'EC018', 'AB-B', '301', 'T2', 4, 2025, 'PERIODIC', 'COURSE', NULL, 'ACTIVE'),
('ECE2222', 'EC018', 'AB-B', '301', 'R2', 4, 2025, 'PERIODIC', 'COURSE', NULL, 'ACTIVE'),
('ECE2222', 'EC019', 'AB-B', '302', 'F2', 4, 2025, 'PERIODIC', 'COURSE', NULL, 'ACTIVE'),
('ECE2223', 'EC020', 'AB-A', '304', 'M3', 4, 2025, 'PERIODIC', 'COURSE', NULL, 'ACTIVE'),
('ECE2223', 'EC020', 'AB-A', '304', 'T3', 4, 2025, 'PERIODIC', 'COURSE', NULL, 'ACTIVE'),
('ECE2223', 'EC001', 'AB-B', '303', 'W3', 4, 2025, 'PERIODIC', 'COURSE', NULL, 'ACTIVE'),
('ECE2223', 'EC001', 'AB-B', '303', 'R3', 4, 2025, 'PERIODIC', 'COURSE', NULL, 'ACTIVE'),
('ECE2224', 'EC002', 'AB-C', '101', 'M4', 4, 2025, 'PERIODIC', 'COURSE', NULL, 'ACTIVE'),
('ECE2224', 'EC002', 'AB-C', '101', 'T4', 4, 2025, 'PERIODIC', 'COURSE', NULL, 'ACTIVE'),
('ECE2224', 'EC003', 'AB-C', '102', 'W4', 4, 2025, 'PERIODIC', 'COURSE', NULL, 'ACTIVE'),
('ECE2224', 'EC003', 'AB-C', '102', 'R4', 4, 2025, 'PERIODIC', 'COURSE', NULL, 'ACTIVE'),
('ECE2225', 'EC004', 'AB-C', '103', 'M5', 4, 2025, 'PERIODIC', 'COURSE', NULL, 'ACTIVE'),
('ECE2225', 'EC004', 'AB-C', '103', 'F3', 4, 2025, 'PERIODIC', 'COURSE', NULL, 'ACTIVE'),
('ECE2225', 'EC005', 'AB-C', '201', 'T5', 4, 2025, 'PERIODIC', 'COURSE', NULL, 'ACTIVE'),
('ECE2225', 'EC005', 'AB-C', '201', 'R5', 4, 2025, 'PERIODIC', 'COURSE', NULL, 'ACTIVE'),
('CSO3101', 'CS006', 'AB-A', '101', 'M1', 5, 2025, 'PERIODIC', 'COURSE', NULL, 'ACTIVE'),
('CSO3101', 'CS006', 'AB-A', '101', 'W1', 5, 2025, 'PERIODIC', 'COURSE', NULL, 'ACTIVE'),
('CSO3101', 'CS006', 'AB-A', '101', 'F1', 5, 2025, 'PERIODIC', 'COURSE', NULL, 'ACTIVE'),
('CSO3101', 'CS007', 'AB-A', '102', 'T1', 5, 2025, 'PERIODIC', 'COURSE', NULL, 'ACTIVE'),
('CSO3101', 'CS007', 'AB-A', '102', 'R1', 5, 2025, 'PERIODIC', 'COURSE', NULL, 'ACTIVE'),
('CSO3102', 'CS008', 'AB-A', '201', 'M2', 5, 2025, 'PERIODIC', 'COURSE', NULL, 'ACTIVE'),
('CSO3102', 'CS008', 'AB-A', '201', 'W2', 5, 2025, 'PERIODIC', 'COURSE', NULL, 'ACTIVE'),
('CSO3102', 'CS009', 'AB-A', '202', 'T2', 5, 2025, 'PERIODIC', 'COURSE', NULL, 'ACTIVE'),
('CSO3102', 'CS009', 'AB-A', '202', 'R2', 5, 2025, 'PERIODIC', 'COURSE', NULL, 'ACTIVE'),
('CSO3103', 'CS010', 'AB-A', '203', 'M3', 5, 2025, 'PERIODIC', 'COURSE', NULL, 'ACTIVE'),
('CSO3103', 'CS010', 'AB-A', '203', 'W3', 5, 2025, 'PERIODIC', 'COURSE', NULL, 'ACTIVE'),
('CSO3103', 'CS011', 'AB-B', '101', 'T3', 5, 2025, 'PERIODIC', 'COURSE', NULL, 'ACTIVE'),
('CSO3103', 'CS011', 'AB-B', '101', 'R3', 5, 2025, 'PERIODIC', 'COURSE', NULL, 'ACTIVE'),
('CSS3101', 'CS012', 'AB-A', '204', 'M4', 5, 2025, 'PERIODIC', 'COURSE', NULL, 'ACTIVE'),
('CSS3101', 'CS012', 'AB-A', '204', 'W4', 5, 2025, 'PERIODIC', 'COURSE', NULL, 'ACTIVE'),
('CSS3101', 'CS013', 'AB-B', '102', 'T4', 5, 2025, 'PERIODIC', 'COURSE', NULL, 'ACTIVE'),
('CSS3101', 'CS013', 'AB-B', '102', 'R4', 5, 2025, 'PERIODIC', 'COURSE', NULL, 'ACTIVE'),
('HUM3101', 'HU001', 'AB-A', '205', 'M5', 5, 2025, 'PERIODIC', 'COURSE', NULL, 'ACTIVE'),
('HUM3101', 'HU002', 'AB-B', '103', 'T5', 5, 2025, 'PERIODIC', 'COURSE', NULL, 'ACTIVE'),
('HUM3101', 'HU003', 'AB-B', '201', 'W5', 5, 2025, 'PERIODIC', 'COURSE', NULL, 'ACTIVE'),
('ECE3121', 'EC006', 'AB-A', '301', 'M1', 5, 2025, 'PERIODIC', 'COURSE', NULL, 'ACTIVE'),
('ECE3121', 'EC006', 'AB-A', '301', 'W1', 5, 2025, 'PERIODIC', 'COURSE', NULL, 'ACTIVE'),
('ECE3121', 'EC006', 'AB-A', '301', 'F1', 5, 2025, 'PERIODIC', 'COURSE', NULL, 'ACTIVE'),
('ECE3121', 'EC007', 'AB-A', '302', 'T1', 5, 2025, 'PERIODIC', 'COURSE', NULL, 'ACTIVE'),
('ECE3121', 'EC007', 'AB-A', '302', 'R1', 5, 2025, 'PERIODIC', 'COURSE', NULL, 'ACTIVE'),
('ECE3122', 'EC008', 'AB-A', '303', 'M2', 5, 2025, 'PERIODIC', 'COURSE', NULL, 'ACTIVE'),
('ECE3122', 'EC008', 'AB-A', '303', 'W2', 5, 2025, 'PERIODIC', 'COURSE', NULL, 'ACTIVE'),
('ECE3122', 'EC009', 'AB-B', '301', 'T2', 5, 2025, 'PERIODIC', 'COURSE', NULL, 'ACTIVE'),
('ECE3122', 'EC009', 'AB-B', '301', 'R2', 5, 2025, 'PERIODIC', 'COURSE', NULL, 'ACTIVE'),
('ECE3123', 'EC010', 'AB-A', '304', 'M3', 5, 2025, 'PERIODIC', 'COURSE', NULL, 'ACTIVE'),
('ECE3123', 'EC010', 'AB-A', '304', 'T3', 5, 2025, 'PERIODIC', 'COURSE', NULL, 'ACTIVE'),
('ECE3123', 'EC011', 'AB-B', '302', 'W3', 5, 2025, 'PERIODIC', 'COURSE', NULL, 'ACTIVE'),
('ECE3123', 'EC011', 'AB-B', '302', 'R3', 5, 2025, 'PERIODIC', 'COURSE', NULL, 'ACTIVE'),
(NULL, 'CS001', 'SEM', 'S101', 'M6', 3, 2025, 'SINGLE', 'EVENT', 3, 'ACTIVE'),
(NULL, 'CS003', 'SEM', 'S102', 'T6', 3, 2025, 'SINGLE', 'EVENT', 4, 'ACTIVE'),
(NULL, 'CS005', 'SEM', 'S103', 'W6', 3, 2025, 'SINGLE', 'EVENT', 3, 'ACTIVE'),
(NULL, 'CS007', 'SEM', 'S201', 'R6', 3, 2025, 'SINGLE', 'EVENT', 4, 'ACTIVE'),
(NULL, 'CS009', 'SEM', 'S202', 'F5', 3, 2025, 'SINGLE', 'EVENT', 3, 'ACTIVE'),
(NULL, 'CS011', 'AB-A', '301', 'S1', 3, 2025, 'SINGLE', 'EVENT', 4, 'ACTIVE'),
(NULL, 'CS013', 'AB-A', '302', 'S2', 3, 2025, 'SINGLE', 'EVENT', 3, 'ACTIVE'),
(NULL, 'EC001', 'SEM', 'S101', 'M7', 3, 2025, 'SINGLE', 'EVENT', 5, 'ACTIVE'),
(NULL, 'EC003', 'SEM', 'S102', 'T7', 3, 2025, 'SINGLE', 'EVENT', 6, 'ACTIVE'),
(NULL, 'EC005', 'SEM', 'S103', 'W7', 3, 2025, 'SINGLE', 'EVENT', 5, 'ACTIVE'),
(NULL, 'EC007', 'SEM', 'S201', 'R7', 3, 2025, 'SINGLE', 'EVENT', 6, 'ACTIVE'),
(NULL, 'EC009', 'SEM', 'S202', 'F6', 3, 2025, 'SINGLE', 'EVENT', 5, 'ACTIVE'),
(NULL, 'CS001', 'SEM', 'S101', 'S3', 3, 2025, 'SINGLE', 'EVENT', 1, 'ACTIVE'),
(NULL, 'EC001', 'SEM', 'S102', 'S4', 3, 2025, 'SINGLE', 'EVENT', 1, 'ACTIVE'),
(NULL, 'CS001', 'AB-C', '101', 'F7', 3, 2025, 'PERIODIC', 'CLUB', 7, 'ACTIVE'),
(NULL, 'CS003', 'AB-C', '102', 'F7', 3, 2025, 'PERIODIC', 'CLUB', 8, 'ACTIVE'),
(NULL, 'CS005', 'AB-C', '103', 'F7', 3, 2025, 'PERIODIC', 'CLUB', 9, 'ACTIVE'),
(NULL, 'CS007', 'LAB', 'L201', 'F6', 3, 2025, 'PERIODIC', 'CLUB', 10, 'ACTIVE'),
(NULL, 'CS009', 'LAB', 'L202', 'F6', 3, 2025, 'PERIODIC', 'CLUB', 11, 'ACTIVE'),
(NULL, 'CS011', 'LAB', 'L203', 'F5', 3, 2025, 'PERIODIC', 'CLUB', 12, 'ACTIVE'),
(NULL, 'CS013', 'LAB', 'L204', 'F5', 3, 2025, 'PERIODIC', 'CLUB', 13, 'ACTIVE'),
(NULL, 'CS015', 'LAB', 'L301', 'F4', 3, 2025, 'PERIODIC', 'CLUB', 14, 'ACTIVE'),
(NULL, 'EC001', 'AB-C', '201', 'F7', 3, 2025, 'PERIODIC', 'CLUB', 15, 'ACTIVE'),
(NULL, 'EC003', 'LAB', 'L302', 'F6', 3, 2025, 'PERIODIC', 'CLUB', 16, 'ACTIVE'),
(NULL, 'EC005', 'LAB', 'L303', 'F6', 3, 2025, 'PERIODIC', 'CLUB', 17, 'ACTIVE'),
(NULL, 'EC007', 'AB-C', '202', 'F5', 3, 2025, 'PERIODIC', 'CLUB', 18, 'ACTIVE'),
(NULL, 'EC009', 'AB-C', '203', 'F5', 3, 2025, 'PERIODIC', 'CLUB', 19, 'ACTIVE'),
(NULL, 'EC011', 'AB-C', '301', 'F4', 3, 2025, 'PERIODIC', 'CLUB', 20, 'ACTIVE'),
(NULL, 'CS001', 'SEM', 'S101', 'S1', 3, 2025, 'SINGLE', 'CLUB', 7, 'ACTIVE'),
(NULL, 'CS003', 'SEM', 'S102', 'S2', 3, 2025, 'SINGLE', 'CLUB', 8, 'ACTIVE'),
(NULL, 'EC001', 'SEM', 'S103', 'S3', 3, 2025, 'SINGLE', 'CLUB', 15, 'ACTIVE'),
(NULL, 'EC003', 'SEM', 'S201', 'S4', 3, 2025, 'SINGLE', 'CLUB', 16, 'ACTIVE'),
(NULL, 'CS002', 'LAB', 'L101', 'M6', 3, 2025, 'PERIODIC', 'COURSE', NULL, 'ACTIVE'),
(NULL, 'CS004', 'LAB', 'L102', 'T6', 3, 2025, 'PERIODIC', 'COURSE', NULL, 'ACTIVE'),
(NULL, 'CS006', 'LAB', 'L103', 'W6', 3, 2025, 'PERIODIC', 'COURSE', NULL, 'ACTIVE'),
(NULL, 'EC002', 'LAB', 'L104', 'M7', 3, 2025, 'PERIODIC', 'COURSE', NULL, 'ACTIVE'),
(NULL, 'EC004', 'LAB', 'L105', 'T7', 3, 2025, 'PERIODIC', 'COURSE', NULL, 'ACTIVE');

INSERT INTO Booking_Exception (booking_id, cancelled_date, reason) VALUES
(1, '2025-01-26', 'Republic Day - National Holiday'),
(5, '2025-01-26', 'Republic Day - National Holiday'),
(10, '2025-01-26', 'Republic Day - National Holiday'),
(40, '2025-01-26', 'Republic Day - National Holiday'),
(45, '2025-01-26', 'Republic Day - National Holiday'),
(2, '2025-03-10', 'Mid-semester examination period'),
(3, '2025-03-11', 'Mid-semester examination period'),
(4, '2025-03-12', 'Mid-semester examination period'),
(6, '2025-03-13', 'Mid-semester examination period'),
(7, '2025-03-14', 'Mid-semester examination period'),
(15, '2025-03-10', 'Mid-semester examination period'),
(20, '2025-03-11', 'Mid-semester examination period'),
(25, '2025-03-12', 'Mid-semester examination period'),
(8, '2025-02-15', 'Faculty attending FDP workshop'),
(9, '2025-02-16', 'Faculty attending FDP workshop'),
(12, '2025-02-17', 'Faculty attending FDP workshop'),
(30, '2025-02-18', 'Faculty attending FDP workshop'),
(11, '2025-02-20', 'Guest lecture by industry expert'),
(13, '2025-02-21', 'Industry visit organized'),
(16, '2025-02-22', 'Alumni interaction session'),
(35, '2025-02-23', 'Technical symposium'),
(50, '2025-02-24', 'Hackathon event'),
(14, '2025-03-05', 'Instructor on medical leave'),
(17, '2025-03-06', 'Instructor attending conference'),
(22, '2025-03-07', 'Instructor on personal leave'),
(28, '2025-03-08', 'Instructor attending workshop'),
(18, '2025-04-15', 'Heavy rain - classes cancelled'),
(19, '2025-04-15', 'Heavy rain - classes cancelled'),
(23, '2025-04-15', 'Heavy rain - classes cancelled'),
(31, '2025-02-28', 'Annual Sports Day'),
(32, '2025-02-28', 'Annual Sports Day'),
(33, '2025-02-28', 'Annual Sports Day'),
(34, '2025-02-28', 'Annual Sports Day'),
(120, '2025-03-20', 'Club activity postponed due to exams'),
(121, '2025-03-20', 'Club activity postponed due to exams'),
(125, '2025-03-27', 'No meeting during exam week'),
(24, '2025-03-15', 'Lab equipment maintenance'),
(26, '2025-03-16', 'Classroom renovation work'),
(29, '2025-03-17', 'Projector repair scheduled'),
(36, '2025-03-25', 'Holi - Festival holiday'),
(37, '2025-03-25', 'Holi - Festival holiday'),
(41, '2025-03-25', 'Holi - Festival holiday'),
(42, '2025-03-25', 'Holi - Festival holiday'),
(60, '2025-04-20', 'Project presentation day'),
(65, '2025-04-21', 'Lab exam scheduled'),
(70, '2025-04-22', 'Course feedback session'),
(38, '2025-03-30', 'Rescheduled to another time slot'),
(43, '2025-04-05', 'Rescheduled due to timetable conflict'),
(48, '2025-04-10', 'Compensatory class arranged');

INSERT INTO Booking_Audit (booking_id, action, old_status, new_status, changed_by, changed_at) VALUES
(1, 'CREATE', NULL, 'ACTIVE', 'MA001', '2025-01-05 10:00:00'),
(2, 'CREATE', NULL, 'ACTIVE', 'MA001', '2025-01-05 10:02:00'),
(3, 'CREATE', NULL, 'ACTIVE', 'MA002', '2025-01-05 10:05:00'),
(4, 'CREATE', NULL, 'ACTIVE', 'MA002', '2025-01-05 10:07:00'),
(5, 'CREATE', NULL, 'ACTIVE', 'MA003', '2025-01-05 10:10:00'),
(6, 'CREATE', NULL, 'ACTIVE', 'CS001', '2025-01-05 11:00:00'),
(7, 'CREATE', NULL, 'ACTIVE', 'CS001', '2025-01-05 11:02:00'),
(8, 'CREATE', NULL, 'ACTIVE', 'CS001', '2025-01-05 11:05:00'),
(9, 'CREATE', NULL, 'ACTIVE', 'CS002', '2025-01-05 11:10:00'),
(10, 'CREATE', NULL, 'ACTIVE', 'CS002', '2025-01-05 11:12:00'),
(40, 'CREATE', NULL, 'ACTIVE', 'EC001', '2025-01-05 14:00:00'),
(41, 'CREATE', NULL, 'ACTIVE', 'EC001', '2025-01-05 14:02:00'),
(42, 'CREATE', NULL, 'ACTIVE', 'EC001', '2025-01-05 14:05:00'),
(43, 'CREATE', NULL, 'ACTIVE', 'EC002', '2025-01-05 14:10:00'),
(100, 'CREATE', NULL, 'ACTIVE', 'CS001', '2025-01-10 09:00:00'),
(101, 'CREATE', NULL, 'ACTIVE', 'CS003', '2025-01-10 09:30:00'),
(102, 'CREATE', NULL, 'ACTIVE', 'CS005', '2025-01-10 10:00:00'),
(110, 'CREATE', NULL, 'ACTIVE', 'EC001', '2025-01-10 11:00:00'),
(111, 'CREATE', NULL, 'ACTIVE', 'EC003', '2025-01-10 11:30:00'),
(120, 'CREATE', NULL, 'ACTIVE', 'CS001', '2025-01-08 15:00:00'),
(121, 'CREATE', NULL, 'ACTIVE', 'CS003', '2025-01-08 15:15:00'),
(122, 'CREATE', NULL, 'ACTIVE', 'CS005', '2025-01-08 15:30:00'),
(123, 'CREATE', NULL, 'ACTIVE', 'EC001', '2025-01-08 16:00:00'),
(124, 'CREATE', NULL, 'ACTIVE', 'EC003', '2025-01-08 16:15:00'),
(15, 'UPDATE', 'ACTIVE', 'ACTIVE', 'CS003', '2025-01-12 10:00:00'),
(16, 'UPDATE', 'ACTIVE', 'ACTIVE', 'CS004', '2025-01-12 10:15:00'),
(200, 'CREATE', NULL, 'ACTIVE', 'CS010', '2025-01-15 09:00:00'),
(200, 'UPDATE', 'ACTIVE', 'CANCELLED', 'ADMIN', '2025-01-20 14:30:00'),
(201, 'CREATE', NULL, 'ACTIVE', 'EC010', '2025-01-15 09:30:00'),
(201, 'UPDATE', 'ACTIVE', 'CANCELLED', 'ADMIN', '2025-01-22 11:00:00'),
(200, 'UPDATE', 'CANCELLED', 'ACTIVE', 'ADMIN', '2025-01-25 10:00:00'),
(30, 'UPDATE', 'ACTIVE', 'ACTIVE', 'CS007', '2025-02-01 14:00:00'),
(45, 'UPDATE', 'ACTIVE', 'ACTIVE', 'EC005', '2025-02-01 14:30:00'),
(60, 'UPDATE', 'ACTIVE', 'ACTIVE', 'CS015', '2025-02-05 09:00:00'),
(1, 'UPDATE', 'ACTIVE', 'ACTIVE', 'ADMIN', '2025-02-10 10:00:00'),
(40, 'UPDATE', 'ACTIVE', 'ACTIVE', 'ADMIN', '2025-02-10 10:15:00'),
(25, 'UPDATE', 'ACTIVE', 'ACTIVE', 'CS006', '2025-02-12 11:00:00'),
(50, 'UPDATE', 'ACTIVE', 'ACTIVE', 'EC008', '2025-02-12 11:30:00'),
(105, 'CREATE', NULL, 'ACTIVE', 'CS007', '2025-02-14 08:00:00'),
(106, 'CREATE', NULL, 'ACTIVE', 'CS009', '2025-02-14 08:30:00'),
(112, 'CREATE', NULL, 'ACTIVE', 'EC005', '2025-02-14 09:00:00'),
(113, 'CREATE', NULL, 'ACTIVE', 'EC007', '2025-02-14 09:30:00');